{"F001": 419.9344787597656, "F002": 426.83447265625, "F003": 315.8081359863281, "F004": 319.79595947265625, "F005": 337.0076599121094, "F006": 572.0213012695312, "F007": 385.9154968261719, "F008": 340.9911804199219, "F009": 417.22412109375, "F010": 456.5130920410156, "F011": 313.77349853515625, "F012": 146.5919189453125, "F013": 130.29885864257812, "F014": 131.08349609375, "F015": 317.4252014160156, "F016": 167.29443359375, "F017": 190.53079223632812, "F018": 159.54013061523438, "F019": 115.65013122558594, "F020": 239.1221466064453, "F021": 379.91259765625, "F022": 382.78509521484375, "F023": 361.7022705078125, "F024": 187.56410217285156, "F025": 212.79676818847656, "F026": 191.9949188232422, "F027": 277.7388916015625, "F028": 109.2485122680664, "F029": 430.0121765136719, "F030": 445.1062316894531, "F031": 475.9840393066406, "F032": 304.5223388671875, "F033": 176.6648712158203, "F034": 206.3514404296875, "F035": 174.7276153564453, "F036": 571.315185546875, "F037": 201.36624145507812, "F038": 207.7952880859375, "F039": 93.047119140625, "F040": 169.62155151367188, "F041": 175.02099609375, "F042": 299.0807800292969, "F043": 253.42039489746094, "F044": 226.89816284179688, "F045": 292.1255187988281, "F046": 299.3947448730469, "F047": 229.73715209960938, "F048": 278.3468933105469, "F049": 95.35780334472656, "F050": 236.07435607910156, "F051": 106.12132263183594, "F052": 113.38666534423828, "F053": 161.81698608398438, "F054": 94.25149536132812, "F055": 339.4359130859375, "F056": 207.1893768310547, "F057": 199.79983520507812, "F058": 120.04916381835938, "F059": 185.2452850341797, "F060": 161.9897003173828, "F061": 172.6792755126953, "F062": 208.8759002685547, "F063": 184.9136962890625, "F064": 408.8008728027344, "F065": 115.52105712890625, "F066": 163.05014038085938, "F067": 541.6302490234375, "F068": 311.40509033203125, "F069": 315.57281494140625, "F070": 177.21047973632812, "F071": 175.8751678466797, "F072": 284.2172546386719, "F073": 298.55755615234375, "F074": 318.1778869628906, "F075": 127.57804107666016, "F076": 117.40240478515625, "F077": 328.4555358886719, "F078": 111.03022003173828, "F079": 303.33551025390625, "F080": 258.32220458984375, "F081": 86.91370391845703, "F082": 135.04676818847656, "F083": 132.7142791748047, "F084": 603.9185180664062, "F085": 413.24609375, "F086": 412.8163757324219, "F087": 488.3764343261719, "F088": 154.40814208984375, "F089": 179.9542694091797, "F090": 210.2814483642578, "F091": 174.89784240722656, "F092": 214.21875, "F093": 570.2698364257812, "F094": 130.3505096435547, "F095": 160.66172790527344, "F096": 178.7277069091797, "F097": 187.54299926757812, "F098": 175.42599487304688, "F099": 281.74884033203125, "F100": 176.90757751464844, "F101": 155.05601501464844, "F102": 529.5978393554688, "F103": 575.5586547851562, "F104": 550.9352416992188, "F105": 543.5027465820312, "F106": 760.8191528320312, "F107": 755.3640747070312, "F108": 712.5300903320312, "F109": 606.5757446289062, "F110": 475.42919921875, "F111": 478.553955078125, "F112": 458.140380859375, "F113": 221.3352508544922, "F114": 510.2053527832031, "F115": 145.2880859375, "F116": 266.056640625, "F117": 319.542724609375, "F118": 338.9214172363281, "F119": 548.9754028320312, "F120": 1877.6314697265625, "F121": 432.5600891113281, "F122": 167.49610900878906, "F123": 283.631103515625, "F124": 436.6510009765625, "F125": 212.0519256591797, "F126": 750.8046875, "F127": 465.4681091308594, "F128": 427.6050720214844, "F129": 248.21437072753906, "F130": 378.12548828125, "F131": 246.22885131835938, "F132": 246.7801971435547, "F133": 388.8065185546875, "F134": 387.6145935058594, "F135": 254.50282287597656, "F136": 252.7176513671875, "F137": 240.2131805419922, "F138": 278.6217346191406, "F139": 244.1190643310547, "F140": 123.09386444091797, "F141": 601.3678588867188, "F142": 326.5350036621094, "F143": 358.00341796875, "F144": 199.95867919921875, "F145": 166.87774658203125, "F146": 259.70892333984375, "F147": 658.8292846679688, "F148": 449.4325866699219, "F149": 86.56988525390625, "F150": 619.1947631835938, "F151": 166.8817138671875, "F152": 164.5309295654297, "F153": 251.29930114746094, "F154": 486.468994140625, "F155": 301.0679016113281, "F156": 296.0134582519531, "F157": 245.60980224609375, "F158": 248.61544799804688, "F159": 246.79283142089844, "F160": 637.4747924804688, "F161": 396.0240173339844, "F162": 628.93310546875, "F163": 246.56565856933594, "F164": 421.2716979980469, "F165": 403.6355895996094, "F166": 547.2105102539062, "F167": 157.92967224121094, "F168": 153.03274536132812, "F169": 251.4504852294922, "F170": 250.6276397705078, "F171": 163.36590576171875, "F172": 564.2924194335938, "F173": 230.34686279296875, "F174": 198.3129119873047, "F175": 188.03976440429688, "F176": 170.51023864746094, "F177": 148.552001953125, "F178": 264.3268737792969, "F179": 149.26271057128906, "F180": 361.4129943847656, "F181": 353.5910339355469, "F182": 214.30343627929688, "F183": 445.8743591308594, "F184": 172.4495849609375, "F185": 271.9424133300781, "F186": 266.8417663574219, "F187": 214.3846435546875, "F188": 215.1022491455078, "F189": 168.41067504882812, "F190": 116.9773941040039, "F191": 156.5153045654297, "F192": 77.37604522705078, "F193": 354.8002624511719, "F194": 146.94985961914062, "F195": 128.48228454589844, "F196": 135.31744384765625, "F197": 193.1672821044922, "F198": 963.6720581054688, "F199": 1048.062255859375, "F200": 597.6880493164062, "F201": 576.2440795898438, "F202": 390.2300720214844}